{
  "$schema": "./node_modules/@angular/cli/lib/config/schema.json",
  "project": {
    "name": "my-test"
  },
  "apps": [
    {
      "root": "src",
      "outDir": "dist/browser",
      "assets": [
        "assets",
        "favicon.ico"
      ],
      "stylePreprocessorOptions": {
        "includePaths": [
          "../node_modules"
        ]
      },
      "index": "index.html",
      "main": "main.ts",
      "polyfills": "polyfills.ts",
      "test": "test.ts",
      "tsconfig": "tsconfig.app.json",
      "testTsconfig": "tsconfig.spec.json",
      "prefix": "app",
      "styles": [
        "styles.scss"
      ],
      "scripts": [       
      ],
      "environmentSource": "environment.json",
      "environments": {
        "dev": "environment.json",
        "sit": "environment.json",
        "uat": "environment.json",
        "prod": "environment.json",                       
        "preprod": "environment.json"
      }
    },{
      "platform": "server",
      "root": "src",
      "outDir": "dist/server",
      "assets": [
        "assets",
        "favicon.ico"
      ],
      "index": "index.html",
      "main": "main.server.ts",
      "test": "test.ts",
      "tsconfig": "tsconfig.server.json",
      "testTsconfig": "tsconfig.spec.json",
      "prefix": "app",
      "styles": [
        "styles.css"
      ],
      "scripts": [],
      "environmentSource": "environment.json",
      "environments": {
        "dev": "environment.json",
        "sit": "environment.json",
        "uat": "environment.json",
        "prod": "environment.json",                       
        "preprod": "environment.json"
      }
    }
  ],
  "e2e": {
    "protractor": {
      "config": "./protractor.conf.js"
    }
  },
  "lint": [
    {
      "project": "src/tsconfig.app.json",
      "exclude": "**/node_modules/**"
    },
    {
      "project": "src/tsconfig.spec.json",
      "exclude": "**/node_modules/**"
    },
    {
      "project": "e2e/tsconfig.e2e.json",
      "exclude": "**/node_modules/**"
    }
  ],
  "test": {
    "karma": {
      "config": "./karma.conf.js"
    }
  },
  "defaults": {
    "styleExt": "css",
    "component": {}
  }
}
