{  
    "data":[  
      {  
        "Title":"First™ Gold",
        "Term":"Postpaid",
        "Items":[  
          {  
            "faqTitle":"Subscription",
            "faqBody":"<p>Lorem ipsum dolor sit amet, consectetur adipisicing elit. Ab aliquid assumenda, ducimus facilis inventore iste labore laborum libero nam necessitatibus neque nulla numquam perspiciatis rem, repudiandae sed soluta veniam vero.</p>\r\n\r\n<ul>\r\n\t<li>Lorem ipsum dolor sit amet, consectetur adipisicing elit.</li>\r\n\t<li>Ab aliquid assumenda, ducimus facilis inventore iste labore laborum libero</li>\r\n</ul>\r\n"
          },
          {  
            "faqTitle":"Add Ons",
            "faqBody":"<p>Lorem ipsum dolor sit amet, consectetur adipisicing elit. Ab aliquid assumenda, ducimus facilis inventore iste labore laborum libero nam necessitatibus neque nulla numquam perspiciatis rem, repudiandae sed soluta veniam vero.</p>\r\n\r\n<ul>\r\n\t<li>Lorem ipsum dolor sit amet, consectetur adipisicing elit.</li>\r\n\t<li>Ab aliquid assumenda, ducimus facilis inventore iste labore laborum libero</li>\r\n</ul>\r\n"
          },
          {  
            "faqTitle":"First™ 1+5",
            "faqBody":"<p>Lorem ipsum dolor sit amet, consectetur adipisicing elit. Ab aliquid assumenda, ducimus facilis inventore iste labore laborum libero nam necessitatibus neque nulla numquam perspiciatis rem, repudiandae sed soluta veniam vero.</p>\r\n\r\n<ul>\r\n\t<li>Lorem ipsum dolor sit amet, consectetur adipisicing elit.</li>\r\n\t<li>Ab aliquid assumenda, ducimus facilis inventore iste labore laborum libero</li>\r\n</ul>\r\n"
          },
          {  
            "faqTitle":"Cancellation",
            "faqBody":"<p>Lorem ipsum dolor sit amet, consectetur adipisicing elit. Ab aliquid assumenda, ducimus facilis inventore iste labore laborum libero nam necessitatibus neque nulla numquam perspiciatis rem, repudiandae sed soluta veniam vero.</p>\r\n\r\n<ul>\r\n\t<li>Lorem ipsum dolor sit amet, consectetur adipisicing elit.</li>\r\n\t<li>Ab aliquid assumenda, ducimus facilis inventore iste labore laborum libero</li>\r\n</ul>\r\n"
          }
        ]
      },
      {  
        "Title":"First™ Gold Plus",
        "Term":"Postpaid",
        "Items":[  
          {  
            "faqTitle":"Subscription",
            "faqBody":"<p>Lorem ipsum dolor sit amet, consectetur adipisicing elit. Ab aliquid assumenda, ducimus facilis inventore iste labore laborum libero nam necessitatibus neque nulla numquam perspiciatis rem, repudiandae sed soluta veniam vero.</p>\r\n\r\n<ul>\r\n\t<li>Lorem ipsum dolor sit amet, consectetur adipisicing elit.</li>\r\n\t<li>Ab aliquid assumenda, ducimus facilis inventore iste labore laborum libero</li>\r\n</ul>\r\n"
          },
          {  
            "faqTitle":"Add Ons",
            "faqBody":"<p>Lorem ipsum dolor sit amet, consectetur adipisicing elit. Ab aliquid assumenda, ducimus facilis inventore iste labore laborum libero nam necessitatibus neque nulla numquam perspiciatis rem, repudiandae sed soluta veniam vero.</p>\r\n\r\n<ul>\r\n\t<li>Lorem ipsum dolor sit amet, consectetur adipisicing elit.</li>\r\n\t<li>Ab aliquid assumenda, ducimus facilis inventore iste labore laborum libero</li>\r\n</ul>\r\n"
          },
          {  
            "faqTitle":"First™ 1+5",
            "faqBody":"<p>Lorem ipsum dolor sit amet, consectetur adipisicing elit. Ab aliquid assumenda, ducimus facilis inventore iste labore laborum libero nam necessitatibus neque nulla numquam perspiciatis rem, repudiandae sed soluta veniam vero.</p>\r\n\r\n<ul>\r\n\t<li>Lorem ipsum dolor sit amet, consectetur adipisicing elit.</li>\r\n\t<li>Ab aliquid assumenda, ducimus facilis inventore iste labore laborum libero</li>\r\n</ul>\r\n"
          },
          {  
            "faqTitle":"Cancellation",
            "faqBody":"<p>Lorem ipsum dolor sit amet, consectetur adipisicing elit. Ab aliquid assumenda, ducimus facilis inventore iste labore laborum libero nam necessitatibus neque nulla numquam perspiciatis rem, repudiandae sed soluta veniam vero.</p>\r\n\r\n<ul>\r\n\t<li>Lorem ipsum dolor sit amet, consectetur adipisicing elit.</li>\r\n\t<li>Ab aliquid assumenda, ducimus facilis inventore iste labore laborum libero</li>\r\n</ul>\r\n"
          }
        ]
      },
      {  
        "Title":"First™ Gold Supreme",
        "Term":"Devices",
        "Items":[  
          {  
            "faqTitle":"Subscription",
            "faqBody":"<p>Lorem ipsum dolor sit amet, consectetur adipisicing elit. Ab aliquid assumenda, ducimus facilis inventore iste labore laborum libero nam necessitatibus neque nulla numquam perspiciatis rem, repudiandae sed soluta veniam vero.</p>\r\n\r\n<ul>\r\n\t<li>Lorem ipsum dolor sit amet, consectetur adipisicing elit.</li>\r\n\t<li>Ab aliquid assumenda, ducimus facilis inventore iste labore laborum libero</li>\r\n</ul>\r\n"
          },
          {  
            "faqTitle":"Add Ons",
            "faqBody":"<p>Lorem ipsum dolor sit amet, consectetur adipisicing elit. Ab aliquid assumenda, ducimus facilis inventore iste labore laborum libero nam necessitatibus neque nulla numquam perspiciatis rem, repudiandae sed soluta veniam vero.</p>\r\n\r\n<ul>\r\n\t<li>Lorem ipsum dolor sit amet, consectetur adipisicing elit.</li>\r\n\t<li>Ab aliquid assumenda, ducimus facilis inventore iste labore laborum libero</li>\r\n</ul>\r\n"
          },
          {  
            "faqTitle":"First™ 1+5",
            "faqBody":"<p>Lorem ipsum dolor sit amet, consectetur adipisicing elit. Ab aliquid assumenda, ducimus facilis inventore iste labore laborum libero nam necessitatibus neque nulla numquam perspiciatis rem, repudiandae sed soluta veniam vero.</p>\r\n\r\n<ul>\r\n\t<li>Lorem ipsum dolor sit amet, consectetur adipisicing elit.</li>\r\n\t<li>Ab aliquid assumenda, ducimus facilis inventore iste labore laborum libero</li>\r\n</ul>\r\n"
          },
          {  
            "faqTitle":"Cancellation",
            "faqBody":"<p>Lorem ipsum dolor sit amet, consectetur adipisicing elit. Ab aliquid assumenda, ducimus facilis inventore iste labore laborum libero nam necessitatibus neque nulla numquam perspiciatis rem, repudiandae sed soluta veniam vero.</p>\r\n\r\n<ul>\r\n\t<li>Lorem ipsum dolor sit amet, consectetur adipisicing elit.</li>\r\n\t<li>Ab aliquid assumenda, ducimus facilis inventore iste labore laborum libero</li>\r\n</ul>\r\n"
          }
        ]
      }
    ],
    "Status":"OK",
    "StatusMessage":"SUCCESS"
  }